,Item,Price
0,남자 에코백 빅사이즈 두꺼운 재질 심플 디자인,14900
1,무지 에코백 미니에코백 베이지 블랙 판촉용 인쇄 주문 제작 답례품 데일리 캔버스가방 도매,1200
2,[APC] 아페쎄 남성 로르 로고 데님 에코백,65700
3,남녀공용 helper 에코백 BYLE0001,11000
4,캉골 에코 프렌들리백 플러스 0037 에코백 크로스백,27200
5,슬링키나인 무지에코백 남자 여자 지퍼 크로스 캔버스 대학생 가방,18900
6,캉골 에코 프렌들리백 지피 미디움 0036 가방 에코백,35200
7,여성 니트 라탄 그물가방 쇼퍼백 여름 에코백,4900
8,드릴리스 에코백 내추럴 에코백,24500
9,플리츠 미니 패턴 에코백 도시락 손가방 토트백 주름,1990
10,[V&A] 디올 뮤지엄에코백 블랙 그레이 / 박물관 쇼퍼백,56000
11,미니 에코백 캔버스백 토트백 손목 피크닉 가방,3200
12,남녀공용 사랑 에코백 BYLE0002,11000
13,빌리버스 남자에코백 남자숄더백 남자캔버스백 BCB208 P081124443,13500
14,레프트필드 국산 지퍼수납 심플에코백 4컬러,13500
15,메르시 라탄 린넨 에코백,4250
16,편리하고 유용한 가방 정리 이너백 가방정리수납백 에코백 이너백,6060
17,스마일 데이지 숄더백 에코백 제작 캔버스백 피크닉 학생 토트백 도시락 미니 가방,17500
18,드릴리스 투웨이 써클백 에코백 복조리가방 복조리백,39400
19,리솜 캔버스 코튼 가죽 콤비 지퍼 스퀘어 쇼퍼 토트 숄더 에코백,15900
20,아페쎄 A.P.C TOTE 데님 에코백 BAG M61445,43180
21,아페쎄 다니엘라 에코백 20FW COCSX IAI M61446,68250
22,리햅 라이너 페이즐리 에코백,10170
23,에코백주문제작 인쇄 만들기가방 단체에코백제작,6700
24,"에코백주문제작, 단체에코백 만들기 주문제작인쇄",6700
25,라인프렌즈 BT21 시티에디션 서울 에코백,18000
26,할메이드 휴대용 장바구니 에코백,1290
27,쥬에 레오파드 에코백 4 13예약배송,38880
28,리솜 레터링 미들 미니 코튼 숄더백 에코백,10800
29,뉴즐 핸디 데일리 에코백,15000
30,컨버스 미니 스마일 손가방 에코백 대학생 가방 머스타드,2400
31,제이시크 페이즐리 핸드메이드 데일리 어깨 리본 에코백,17500
32,HAY Hay Cotton Bag Stripe HAY 에코백,12000
33,Baggu 바쿠 베이비 스탠다드 빅 모음전 장바구니 에코 백,9500
34,마카롱 에코백,16900
35,캉골키즈 컨버스 키즈 베이직 에코백 OE 0001,39690
36,캉골키즈 드로우 스트링 에코백 OE 0005 AOEBEB00050L1,39660
37,페이즐리 이미스 에코백 반다나 튼튼한 숄더백,16600
38,YWJ LIBERO 여성가방 여자 대학생 에코백,26900
39,쥬에 페이즐리 에코백,37440
40,귀염뽀짝 유니크 3컬러 미니 에코백 토트백 손가방,3600
41,캉골 쇼퍼백 숄더백 에코백 빅백 기저귀가방,24000
42,남자 에코백 숄더백 쇼퍼백 크로스 무지 데일리 텀블러백 대학생가방,19800
43,핀스트라이프 캔버스 에코백 패턴 미니 스퀘어 텀블러 토트,15900
44,캉골 제리 쇼퍼백 0039 가방 에코백 크로스백,38300
45,무지 미니 에코백 비비드컬러,1280
